artistName,collectionName,artworkUrl100,releaseDate,trackCount,primaryGenreName,artworkUrl
Taylor Swift,"I Knew It, I Knew You (From ""Toy Story 5"") - Single",https://is1-ssl.mzstatic.com/image/thumb/Music221/v4/34/35/6c/34356cb4-bd0b-3bac-b118-1a6d7264dc64/26UMGIM69942.rgb.jpg/100x100bb.jpg,2026-06-05,1,Country,https://is1-ssl.mzstatic.com/image/thumb/Music221/v4/34/35/6c/34356cb4-bd0b-3bac-b118-1a6d7264dc64/26UMGIM69942.rgb.jpg/600x600bb.jpg
Taylor Swift,The Life of a Showgirl,https://is1-ssl.mzstatic.com/image/thumb/Music211/v4/30/0c/5a/300c5a57-d3be-a170-f880-f63380ca6312/25UM1IM19577.rgb.jpg/100x100bb.jpg,2025-10-03,12,Pop,https://is1-ssl.mzstatic.com/image/thumb/Music211/v4/30/0c/5a/300c5a57-d3be-a170-f880-f63380ca6312/25UM1IM19577.rgb.jpg/600x600bb.jpg
Taylor Swift,THE TORTURED POETS DEPARTMENT: THE ANTHOLOGY,https://is1-ssl.mzstatic.com/image/thumb/Music211/v4/a3/8a/8d/a38a8de5-ae11-154c-dca5-221e6549caee/24UMGIM44778.rgb.jpg/100x100bb.jpg,2024-04-19,31,Pop,https://is1-ssl.mzstatic.com/image/thumb/Music211/v4/a3/8a/8d/a38a8de5-ae11-154c-dca5-221e6549caee/24UMGIM44778.rgb.jpg/600x600bb.jpg
Taylor Swift,THE TORTURED POETS DEPARTMENT,https://is1-ssl.mzstatic.com/image/thumb/Music221/v4/6b/7d/61/6b7d61e4-e6f1-83bc-d645-463aa06b33c4/24UMGIM29563.rgb.jpg/100x100bb.jpg,2024-04-19,17,Pop,https://is1-ssl.mzstatic.com/image/thumb/Music221/v4/6b/7d/61/6b7d61e4-e6f1-83bc-d645-463aa06b33c4/24UMGIM29563.rgb.jpg/600x600bb.jpg
Taylor Swift,1989 (Taylor's Version) [Deluxe],https://is1-ssl.mzstatic.com/image/thumb/Music116/v4/8e/35/6c/8e356cc2-0be4-b83b-d29e-b578623df2ac/23UM1IM34052.rgb.jpg/100x100bb.jpg,2023-10-27,22,Pop,https://is1-ssl.mzstatic.com/image/thumb/Music116/v4/8e/35/6c/8e356cc2-0be4-b83b-d29e-b578623df2ac/23UM1IM34052.rgb.jpg/600x600bb.jpg
Taylor Swift,1989 (Taylor's Version),https://is1-ssl.mzstatic.com/image/thumb/Music211/v4/11/a6/80/11a680e6-2e48-08fa-5e87-3f18e838d31f/23UM1IM11868.rgb.jpg/100x100bb.jpg,2023-10-27,21,Pop,https://is1-ssl.mzstatic.com/image/thumb/Music211/v4/11/a6/80/11a680e6-2e48-08fa-5e87-3f18e838d31f/23UM1IM11868.rgb.jpg/600x600bb.jpg
Taylor Swift,Speak Now (Taylor's Version),https://is1-ssl.mzstatic.com/image/thumb/Music126/v4/9f/3c/0a/9f3c0a60-f9e0-a34e-60e5-0be1f182896b/23UMGIM63932.rgb.jpg/100x100bb.jpg,2023-07-07,23,Country,https://is1-ssl.mzstatic.com/image/thumb/Music126/v4/9f/3c/0a/9f3c0a60-f9e0-a34e-60e5-0be1f182896b/23UMGIM63932.rgb.jpg/600x600bb.jpg
Taylor Swift,You're Losing Me (From The Vault) - Single,https://is1-ssl.mzstatic.com/image/thumb/Music126/v4/d8/a2/e6/d8a2e6ad-e7e3-b28c-38b4-e699bb2921ae/23UM1IM57610.rgb.jpg/100x100bb.jpg,2023-05-26,1,Pop,https://is1-ssl.mzstatic.com/image/thumb/Music126/v4/d8/a2/e6/d8a2e6ad-e7e3-b28c-38b4-e699bb2921ae/23UM1IM57610.rgb.jpg/600x600bb.jpg
Taylor Swift,Lavender Haze (Acoustic Version) - Single,https://is1-ssl.mzstatic.com/image/thumb/Music126/v4/7e/ec/e9/7eece960-9b76-e0b6-bba0-7ce8b695f0e8/23UMGIM34990.rgb.jpg/100x100bb.jpg,2023-03-31,1,Pop,https://is1-ssl.mzstatic.com/image/thumb/Music126/v4/7e/ec/e9/7eece960-9b76-e0b6-bba0-7ce8b695f0e8/23UMGIM34990.rgb.jpg/600x600bb.jpg
Taylor Swift,All Of The Girls You Loved Before - Single,https://is1-ssl.mzstatic.com/image/thumb/Music116/v4/22/1b/74/221b7454-3eb1-1117-66fd-d3b18ffc573a/19UMGIM53909.rgb.jpg/100x100bb.jpg,2023-03-17,1,Pop,https://is1-ssl.mzstatic.com/image/thumb/Music116/v4/22/1b/74/221b7454-3eb1-1117-66fd-d3b18ffc573a/19UMGIM53909.rgb.jpg/600x600bb.jpg
Taylor Swift,If This Was A Movie (Taylor’s Version) - Single,https://is1-ssl.mzstatic.com/image/thumb/Music116/v4/b4/7a/aa/b47aaad3-7764-1d69-1f18-5bc66fe0c946/21UMGIM09915.rgb.jpg/100x100bb.jpg,2023-03-17,1,Country,https://is1-ssl.mzstatic.com/image/thumb/Music116/v4/b4/7a/aa/b47aaad3-7764-1d69-1f18-5bc66fe0c946/21UMGIM09915.rgb.jpg/600x600bb.jpg
Taylor Swift,Eyes Open (Taylor's Version) - Single,https://is1-ssl.mzstatic.com/image/thumb/Music116/v4/a3/ff/55/a3ff5538-2fd3-d267-b7c8-12e4b70a2561/21UM1IM25046.rgb.jpg/100x100bb.jpg,2023-03-17,1,Pop,https://is1-ssl.mzstatic.com/image/thumb/Music116/v4/a3/ff/55/a3ff5538-2fd3-d267-b7c8-12e4b70a2561/21UM1IM25046.rgb.jpg/600x600bb.jpg
Taylor Swift,Anti-Hero (Acoustic Version) - Single,https://is1-ssl.mzstatic.com/image/thumb/Music122/v4/33/cc/8e/33cc8e67-ec26-7fe6-d8b5-86ab2c588e87/22UM1IM34750.rgb.jpg/100x100bb.jpg,2022-11-10,1,Pop,https://is1-ssl.mzstatic.com/image/thumb/Music122/v4/33/cc/8e/33cc8e67-ec26-7fe6-d8b5-86ab2c588e87/22UM1IM34750.rgb.jpg/600x600bb.jpg
Taylor Swift,Midnights (3am Edition),https://is1-ssl.mzstatic.com/image/thumb/Music112/v4/ff/e8/8a/ffe88ac5-9468-0671-9968-3438faad2cc1/22UM1IM22512.rgb.jpg/100x100bb.jpg,2022-10-21,21,Pop,https://is1-ssl.mzstatic.com/image/thumb/Music112/v4/ff/e8/8a/ffe88ac5-9468-0671-9968-3438faad2cc1/22UM1IM22512.rgb.jpg/600x600bb.jpg
Taylor Swift,Midnights,https://is1-ssl.mzstatic.com/image/thumb/Music112/v4/11/33/de/1133deee-070e-98d3-950a-2269807b074e/22UM1IM24801.rgb.jpg/100x100bb.jpg,2022-10-21,13,Pop,https://is1-ssl.mzstatic.com/image/thumb/Music112/v4/11/33/de/1133deee-070e-98d3-950a-2269807b074e/22UM1IM24801.rgb.jpg/600x600bb.jpg
Taylor Swift,Midnights (The Til Dawn Edition),https://is1-ssl.mzstatic.com/image/thumb/Music126/v4/fb/b7/5d/fbb75d98-3b52-2fa5-ca82-658194f3c498/23UMGIM58157.rgb.jpg/100x100bb.jpg,2022-10-21,23,Pop,https://is1-ssl.mzstatic.com/image/thumb/Music126/v4/fb/b7/5d/fbb75d98-3b52-2fa5-ca82-658194f3c498/23UMGIM58157.rgb.jpg/600x600bb.jpg
Taylor Swift,Carolina (From The Motion Picture “Where The Crawdads Sing”) - Single,https://is1-ssl.mzstatic.com/image/thumb/Music122/v4/51/5f/41/515f417f-19d6-ea22-e1fb-acebc2ba4f23/22UMGIM67563.rgb.jpg/100x100bb.jpg,2022-06-24,2,Soundtrack,https://is1-ssl.mzstatic.com/image/thumb/Music122/v4/51/5f/41/515f417f-19d6-ea22-e1fb-acebc2ba4f23/22UMGIM67563.rgb.jpg/600x600bb.jpg
Taylor Swift,This Love (Taylor’s Version) - Single,https://is1-ssl.mzstatic.com/image/thumb/Music116/v4/d3/34/1d/d3341d9b-f10e-1406-180b-99750f7cad26/22UMGIM47170.rgb.jpg/100x100bb.jpg,2022-05-06,2,Pop,https://is1-ssl.mzstatic.com/image/thumb/Music116/v4/d3/34/1d/d3341d9b-f10e-1406-180b-99750f7cad26/22UMGIM47170.rgb.jpg/600x600bb.jpg
Taylor Swift,Christmas Tree Farm (Old Timey Version) - Single,https://is1-ssl.mzstatic.com/image/thumb/Music112/v4/b2/a3/8a/b2a38a34-a892-2f27-2c06-671fe4e76060/22UM1IM34245.rgb.jpg/100x100bb.jpg,2021-11-22,1,Holiday,https://is1-ssl.mzstatic.com/image/thumb/Music112/v4/b2/a3/8a/b2a38a34-a892-2f27-2c06-671fe4e76060/22UM1IM34245.rgb.jpg/600x600bb.jpg
Taylor Swift,Red (Taylor’s Version) (+ A Message from Taylor),https://is1-ssl.mzstatic.com/image/thumb/Music115/v4/c6/27/9c/c6279c07-9329-827d-31c4-f5d4c7d99ff4/21UM1IM25046.rgb.jpg/100x100bb.jpg,2021-11-12,31,Pop,https://is1-ssl.mzstatic.com/image/thumb/Music115/v4/c6/27/9c/c6279c07-9329-827d-31c4-f5d4c7d99ff4/21UM1IM25046.rgb.jpg/600x600bb.jpg
Taylor Swift,Wildest Dreams (Taylor's Version) - Single,https://is1-ssl.mzstatic.com/image/thumb/Music125/v4/ed/30/f4/ed30f477-eb14-00f9-1769-47bd822a03d6/21UM1IM17048.rgb.jpg/100x100bb.jpg,2021-09-17,1,Pop,https://is1-ssl.mzstatic.com/image/thumb/Music125/v4/ed/30/f4/ed30f477-eb14-00f9-1769-47bd822a03d6/21UM1IM17048.rgb.jpg/600x600bb.jpg
Taylor Swift,the lakes (original version) - Single,https://is1-ssl.mzstatic.com/image/thumb/Music125/v4/a4/ee/a2/a4eea252-3abd-4b63-90db-1d1c43fb017d/21UMGIM69696.rgb.jpg/100x100bb.jpg,2021-07-24,1,Alternative,https://is1-ssl.mzstatic.com/image/thumb/Music125/v4/a4/ee/a2/a4eea252-3abd-4b63-90db-1d1c43fb017d/21UMGIM69696.rgb.jpg/600x600bb.jpg
Taylor Swift,willow (90's trend remix) - Single,https://is1-ssl.mzstatic.com/image/thumb/Music125/v4/08/45/84/084584e4-7805-bd92-36b0-fc2bd17d8700/21UMGIM52822.rgb.jpg/100x100bb.jpg,2021-06-14,1,Pop,https://is1-ssl.mzstatic.com/image/thumb/Music125/v4/08/45/84/084584e4-7805-bd92-36b0-fc2bd17d8700/21UMGIM52822.rgb.jpg/600x600bb.jpg
Taylor Swift,Fearless (Taylor's Version),https://is1-ssl.mzstatic.com/image/thumb/Music125/v4/c3/d0/1c/c3d01c88-73e7-187e-fd62-e1744de979a6/21UMGIM09915.rgb.jpg/100x100bb.jpg,2021-04-09,26,Country,https://is1-ssl.mzstatic.com/image/thumb/Music125/v4/c3/d0/1c/c3d01c88-73e7-187e-fd62-e1744de979a6/21UMGIM09915.rgb.jpg/600x600bb.jpg
Taylor Swift,Love Story (Taylor's Version) [Elvira Remix] - Single,https://is1-ssl.mzstatic.com/image/thumb/Music114/v4/a3/0b/f5/a30bf5ad-3ba7-ae84-0a79-b4591298c1de/21UMGIM23472.rgb.jpg/100x100bb.jpg,2021-03-23,1,Pop,https://is1-ssl.mzstatic.com/image/thumb/Music114/v4/a3/0b/f5/a30bf5ad-3ba7-ae84-0a79-b4591298c1de/21UMGIM23472.rgb.jpg/600x600bb.jpg
Taylor Swift,evermore (deluxe version),https://is1-ssl.mzstatic.com/image/thumb/Music115/v4/18/93/99/189399a7-95e1-324b-e40a-bd9e3ea22a95/20UM1IM14847.rgb.jpg/100x100bb.jpg,2021-01-07,18,Alternative,https://is1-ssl.mzstatic.com/image/thumb/Music115/v4/18/93/99/189399a7-95e1-324b-e40a-bd9e3ea22a95/20UM1IM14847.rgb.jpg/600x600bb.jpg
Taylor Swift,willow (moonlit witch version) - Single,https://is1-ssl.mzstatic.com/image/thumb/Music124/v4/92/6c/9e/926c9e37-4e17-6032-3cca-2123763bb965/20UM1IM16578.rgb.jpg/100x100bb.jpg,2020-12-16,1,Alternative,https://is1-ssl.mzstatic.com/image/thumb/Music124/v4/92/6c/9e/926c9e37-4e17-6032-3cca-2123763bb965/20UM1IM16578.rgb.jpg/600x600bb.jpg
Taylor Swift,willow (lonely witch version) - Single,https://is1-ssl.mzstatic.com/image/thumb/Music124/v4/d2/67/24/d2672460-5d94-8a2b-33b1-bf6654d9b6b1/20UM1IM16466.rgb.jpg/100x100bb.jpg,2020-12-15,1,Alternative,https://is1-ssl.mzstatic.com/image/thumb/Music124/v4/d2/67/24/d2672460-5d94-8a2b-33b1-bf6654d9b6b1/20UM1IM16466.rgb.jpg/600x600bb.jpg
Taylor Swift,willow (dancing witch version (Elvira remix)) - Single,https://is1-ssl.mzstatic.com/image/thumb/Music124/v4/b7/3f/21/b73f2168-e79d-5f9e-8afd-3f12d689f3d1/20UM1IM16043.rgb.jpg/100x100bb.jpg,2020-12-13,1,Pop,https://is1-ssl.mzstatic.com/image/thumb/Music124/v4/b7/3f/21/b73f2168-e79d-5f9e-8afd-3f12d689f3d1/20UM1IM16043.rgb.jpg/600x600bb.jpg
Taylor Swift,evermore,https://is1-ssl.mzstatic.com/image/thumb/Music115/v4/82/33/6e/82336ed3-3d1b-e920-b0a7-61775acd0f33/20UM1IM14847.rgb.jpg/100x100bb.jpg,2020-12-11,16,Alternative,https://is1-ssl.mzstatic.com/image/thumb/Music115/v4/82/33/6e/82336ed3-3d1b-e920-b0a7-61775acd0f33/20UM1IM14847.rgb.jpg/600x600bb.jpg
Taylor Swift,folklore: the long pond studio sessions (from the Disney+ special) [deluxe edition],https://is1-ssl.mzstatic.com/image/thumb/Music114/v4/dd/6a/2f/dd6a2fec-2476-b44a-f2cc-8a2736143d8c/20UM1IM08851.rgb.jpg/100x100bb.jpg,2020-11-25,34,Alternative,https://is1-ssl.mzstatic.com/image/thumb/Music114/v4/dd/6a/2f/dd6a2fec-2476-b44a-f2cc-8a2736143d8c/20UM1IM08851.rgb.jpg/600x600bb.jpg
Taylor Swift,betty (Live from the 2020 Academy of Country Music Awards) - Single,https://is1-ssl.mzstatic.com/image/thumb/Music124/v4/76/36/c6/7636c614-6bac-f4e4-93dd-b13bfd93f05b/20UMGIM81274.rgb.jpg/100x100bb.jpg,2020-09-18,1,Alternative,https://is1-ssl.mzstatic.com/image/thumb/Music124/v4/76/36/c6/7636c614-6bac-f4e4-93dd-b13bfd93f05b/20UMGIM81274.rgb.jpg/600x600bb.jpg
Taylor Swift,folklore (deluxe version),https://is1-ssl.mzstatic.com/image/thumb/Music124/v4/8c/ef/c2/8cefc23a-61b7-05ff-b52a-bb1e4922087c/20UMGIM64216.rgb.jpg/100x100bb.jpg,2020-08-18,17,Alternative,https://is1-ssl.mzstatic.com/image/thumb/Music124/v4/8c/ef/c2/8cefc23a-61b7-05ff-b52a-bb1e4922087c/20UMGIM64216.rgb.jpg/600x600bb.jpg
Taylor Swift,cardigan (cabin in candlelight version) - Single,https://is1-ssl.mzstatic.com/image/thumb/Music125/v4/d5/74/26/d57426e8-e291-ac08-901b-b84726287f1f/20UMGIM66263.rgb.jpg/100x100bb.jpg,2020-07-30,1,Alternative,https://is1-ssl.mzstatic.com/image/thumb/Music125/v4/d5/74/26/d57426e8-e291-ac08-901b-b84726287f1f/20UMGIM66263.rgb.jpg/600x600bb.jpg
Taylor Swift,folklore,https://is1-ssl.mzstatic.com/image/thumb/Music125/v4/7c/04/ba/7c04ba17-2ff8-21b3-0ac0-7d141f86e924/20UMGIM64216.rgb.jpg/100x100bb.jpg,2020-07-24,16,Alternative,https://is1-ssl.mzstatic.com/image/thumb/Music125/v4/7c/04/ba/7c04ba17-2ff8-21b3-0ac0-7d141f86e924/20UMGIM64216.rgb.jpg/600x600bb.jpg
Taylor Swift,Cornelia Street (Live From Paris) - Single,https://is1-ssl.mzstatic.com/image/thumb/Music123/v4/81/32/b0/8132b068-3866-006d-1793-b67473e43a04/20UMGIM36104.rgb.jpg/100x100bb.jpg,2020-05-18,1,Pop,https://is1-ssl.mzstatic.com/image/thumb/Music123/v4/81/32/b0/8132b068-3866-006d-1793-b67473e43a04/20UMGIM36104.rgb.jpg/600x600bb.jpg
Taylor Swift,Death By A Thousand Cuts (Live From Paris) - Single,https://is1-ssl.mzstatic.com/image/thumb/Music124/v4/f3/e6/f9/f3e6f9e1-f987-7fdd-1e43-46a01800a8fe/20UMGIM36103.rgb.jpg/100x100bb.jpg,2020-05-18,1,Pop,https://is1-ssl.mzstatic.com/image/thumb/Music124/v4/f3/e6/f9/f3e6f9e1-f987-7fdd-1e43-46a01800a8fe/20UMGIM36103.rgb.jpg/600x600bb.jpg
Taylor Swift,Daylight (Live From Paris) - Single,https://is1-ssl.mzstatic.com/image/thumb/Music123/v4/f4/04/ec/f404ec23-7d5a-4438-1d6d-9b0364d0a5fb/20UMGIM36106.rgb.jpg/100x100bb.jpg,2020-05-18,1,Pop,https://is1-ssl.mzstatic.com/image/thumb/Music123/v4/f4/04/ec/f404ec23-7d5a-4438-1d6d-9b0364d0a5fb/20UMGIM36106.rgb.jpg/600x600bb.jpg
Taylor Swift,The Archer (Live From Paris) - Single,https://is1-ssl.mzstatic.com/image/thumb/Music123/v4/ef/08/7e/ef087e26-ce7c-d6f6-1600-c754010308d3/20UMGIM36100.rgb.jpg/100x100bb.jpg,2020-05-18,1,Pop,https://is1-ssl.mzstatic.com/image/thumb/Music123/v4/ef/08/7e/ef087e26-ce7c-d6f6-1600-c754010308d3/20UMGIM36100.rgb.jpg/600x600bb.jpg
Taylor Swift,Lover (Live From Paris) - Single,https://is1-ssl.mzstatic.com/image/thumb/Music113/v4/e0/97/cd/e097cdb3-6129-4ad4-b212-363b2e70dc11/20UMGIM36105.rgb.jpg/100x100bb.jpg,2020-05-18,1,Pop,https://is1-ssl.mzstatic.com/image/thumb/Music113/v4/e0/97/cd/e097cdb3-6129-4ad4-b212-363b2e70dc11/20UMGIM36105.rgb.jpg/600x600bb.jpg
Taylor Swift,You Need To Calm Down (Live From Paris) - Single,https://is1-ssl.mzstatic.com/image/thumb/Music123/v4/21/54/36/2154368d-a452-cc83-d862-9956ddd1b9cc/20UMGIM36102.rgb.jpg/100x100bb.jpg,2020-05-18,1,Pop,https://is1-ssl.mzstatic.com/image/thumb/Music123/v4/21/54/36/2154368d-a452-cc83-d862-9956ddd1b9cc/20UMGIM36102.rgb.jpg/600x600bb.jpg
Taylor Swift,ME! (Live From Paris) - Single,https://is1-ssl.mzstatic.com/image/thumb/Music113/v4/00/f8/0c/00f80c2c-2770-2f5d-1f3e-cbc41b24b21c/20UMGIM36101.rgb.jpg/100x100bb.jpg,2020-05-18,1,Pop,https://is1-ssl.mzstatic.com/image/thumb/Music113/v4/00/f8/0c/00f80c2c-2770-2f5d-1f3e-cbc41b24b21c/20UMGIM36101.rgb.jpg/600x600bb.jpg
Taylor Swift,The Man (Live From Paris) - Single,https://is1-ssl.mzstatic.com/image/thumb/Music124/v4/16/40/c0/1640c01e-3763-3638-6ad9-984eab741580/20UMGIM11059.rgb.jpg/100x100bb.jpg,2020-02-18,1,Pop,https://is1-ssl.mzstatic.com/image/thumb/Music124/v4/16/40/c0/1640c01e-3763-3638-6ad9-984eab741580/20UMGIM11059.rgb.jpg/600x600bb.jpg
Taylor Swift,Only The Young (Featured in Miss Americana) - Single,https://is1-ssl.mzstatic.com/image/thumb/Music114/v4/b7/e6/8a/b7e68a1a-6beb-6187-3cdc-ecd3dbf0257e/20UMGIM04837.rgb.jpg/100x100bb.jpg,2020-01-31,1,Pop,https://is1-ssl.mzstatic.com/image/thumb/Music114/v4/b7/e6/8a/b7e68a1a-6beb-6187-3cdc-ecd3dbf0257e/20UMGIM04837.rgb.jpg/600x600bb.jpg
Taylor Swift,Christmas Tree Farm - Single,https://is1-ssl.mzstatic.com/image/thumb/Music126/v4/ca/55/5a/ca555a0e-c360-26e6-437d-098b0089482a/19UM1IM09492.rgb.jpg/100x100bb.jpg,2019-12-06,1,Pop,https://is1-ssl.mzstatic.com/image/thumb/Music126/v4/ca/55/5a/ca555a0e-c360-26e6-437d-098b0089482a/19UM1IM09492.rgb.jpg/600x600bb.jpg
Taylor Swift,Lover (First Dance Remix) - Single,https://is1-ssl.mzstatic.com/image/thumb/Music116/v4/f1/9f/57/f19f57b8-cdad-9c09-abfd-0d8c5ff50943/19UM1IM06850.rgb.jpg/100x100bb.jpg,2019-11-26,1,Pop,https://is1-ssl.mzstatic.com/image/thumb/Music116/v4/f1/9f/57/f19f57b8-cdad-9c09-abfd-0d8c5ff50943/19UM1IM06850.rgb.jpg/600x600bb.jpg
Taylor Swift,Lover (Remix) [feat. Shawn Mendes] - Single,https://is1-ssl.mzstatic.com/image/thumb/Music116/v4/66/80/16/6680164a-5dd7-1da5-d1d0-63763fb2e4b2/19UM1IM02940.rgb.jpg/100x100bb.jpg,2019-11-13,1,Pop,https://is1-ssl.mzstatic.com/image/thumb/Music116/v4/66/80/16/6680164a-5dd7-1da5-d1d0-63763fb2e4b2/19UM1IM02940.rgb.jpg/600x600bb.jpg
Taylor Swift,Lover,https://is1-ssl.mzstatic.com/image/thumb/Music125/v4/49/3d/ab/493dab54-f920-9043-6181-80993b8116c9/19UMGIM53909.rgb.jpg/100x100bb.jpg,2019-08-23,18,Pop,https://is1-ssl.mzstatic.com/image/thumb/Music125/v4/49/3d/ab/493dab54-f920-9043-6181-80993b8116c9/19UMGIM53909.rgb.jpg/600x600bb.jpg
Taylor Swift,You Need To Calm Down (Clean Bandit Remix) - Single,https://is1-ssl.mzstatic.com/image/thumb/Music114/v4/17/dd/dc/17dddc23-16fd-2986-cd94-5ba05fac13a2/19UMGIM75357.rgb.jpg/100x100bb.jpg,2019-08-20,1,Pop,https://is1-ssl.mzstatic.com/image/thumb/Music114/v4/17/dd/dc/17dddc23-16fd-2986-cd94-5ba05fac13a2/19UMGIM75357.rgb.jpg/600x600bb.jpg
Taylor Swift,Taylor Swift Karaoke: reputation,https://is1-ssl.mzstatic.com/image/thumb/Music118/v4/77/64/85/77648585-afe7-7036-c506-88dcd8f344b8/00843930034963.rgb.jpg/100x100bb.jpg,2018-03-09,15,Pop,https://is1-ssl.mzstatic.com/image/thumb/Music118/v4/77/64/85/77648585-afe7-7036-c506-88dcd8f344b8/00843930034963.rgb.jpg/600x600bb.jpg
Taylor Swift,reputation,https://is1-ssl.mzstatic.com/image/thumb/Music221/v4/eb/e6/06/ebe606da-e00f-82d3-47f3-b79904eed541/17UM1IM24651.rgb.jpg/100x100bb.jpg,2017-11-10,15,Pop,https://is1-ssl.mzstatic.com/image/thumb/Music221/v4/eb/e6/06/ebe606da-e00f-82d3-47f3-b79904eed541/17UM1IM24651.rgb.jpg/600x600bb.jpg
Taylor Swift,Bad Blood (feat. Kendrick Lamar) - Single,https://is1-ssl.mzstatic.com/image/thumb/Music124/v4/16/ac/6f/16ac6fdc-f3cd-6588-bd58-163cf41f7e58/00843930018314.rgb.jpg/100x100bb.jpg,2015-05-17,1,Pop,https://is1-ssl.mzstatic.com/image/thumb/Music124/v4/16/ac/6f/16ac6fdc-f3cd-6588-bd58-163cf41f7e58/00843930018314.rgb.jpg/600x600bb.jpg
Taylor Swift,Wildest Dreams (R3hab Remix) - Single,https://is1-ssl.mzstatic.com/image/thumb/Music128/v4/99/2f/10/992f102f-edd4-d39f-625c-938bd2c0096b/00843930021109.rgb.jpg/100x100bb.jpg,2015-01-01,1,Pop,https://is1-ssl.mzstatic.com/image/thumb/Music128/v4/99/2f/10/992f102f-edd4-d39f-625c-938bd2c0096b/00843930021109.rgb.jpg/600x600bb.jpg
Taylor Swift,1989,https://is1-ssl.mzstatic.com/image/thumb/Music221/v4/89/4a/4a/894a4ab9-b0b0-9ea5-ca41-8da0b9b79453/14UMDIM03405.rgb.jpg/100x100bb.jpg,2014-10-27,14,Pop,https://is1-ssl.mzstatic.com/image/thumb/Music221/v4/89/4a/4a/894a4ab9-b0b0-9ea5-ca41-8da0b9b79453/14UMDIM03405.rgb.jpg/600x600bb.jpg
Taylor Swift,1989 (Deluxe Edition),https://is1-ssl.mzstatic.com/image/thumb/Music221/v4/a7/98/d8/a798d867-344d-2bf2-fbfe-d2d1412dcef8/14UMDIM03793.rgb.jpg/100x100bb.jpg,2014-10-27,19,Pop,https://is1-ssl.mzstatic.com/image/thumb/Music221/v4/a7/98/d8/a798d867-344d-2bf2-fbfe-d2d1412dcef8/14UMDIM03793.rgb.jpg/600x600bb.jpg
Taylor Swift,Taylor Swift Karaoke: 1989,https://is1-ssl.mzstatic.com/image/thumb/Music118/v4/d6/96/5d/d6965d05-f5fe-f2f4-8299-d45fc201a68e/00843930015788.rgb.jpg/100x100bb.jpg,2014-01-01,14,Pop,https://is1-ssl.mzstatic.com/image/thumb/Music118/v4/d6/96/5d/d6965d05-f5fe-f2f4-8299-d45fc201a68e/00843930015788.rgb.jpg/600x600bb.jpg
Taylor Swift,"Sweeter Than Fiction (From ""One Chance"") - Single",https://is1-ssl.mzstatic.com/image/thumb/Music118/v4/85/5a/6e/855a6e0e-1326-a3ad-e690-022fa4045128/00843930010936.rgb.jpg/100x100bb.jpg,2013-01-01,1,Country,https://is1-ssl.mzstatic.com/image/thumb/Music118/v4/85/5a/6e/855a6e0e-1326-a3ad-e690-022fa4045128/00843930010936.rgb.jpg/600x600bb.jpg
Taylor Swift,Everything Has Changed (Remix) [feat. Ed Sheeran] - Single,https://is1-ssl.mzstatic.com/image/thumb/Music118/v4/39/95/1c/39951c14-0ae6-e2ff-f161-3ed2bca1a325/00843930010424.rgb.jpg/100x100bb.jpg,2013-01-01,1,Country,https://is1-ssl.mzstatic.com/image/thumb/Music118/v4/39/95/1c/39951c14-0ae6-e2ff-f161-3ed2bca1a325/00843930010424.rgb.jpg/600x600bb.jpg
Taylor Swift,"Red (2013 CMA Awards Performance) [feat. Alison Krauss, Edgar Meyer, Eric Darken, Sam Bush & Vince Gill] - Single",https://is1-ssl.mzstatic.com/image/thumb/Music128/v4/ce/f2/2c/cef22c14-ffd9-00d6-a991-fe5a744c91ab/00843930011476.rgb.jpg/100x100bb.jpg,2013-01-01,1,Country,https://is1-ssl.mzstatic.com/image/thumb/Music128/v4/ce/f2/2c/cef22c14-ffd9-00d6-a991-fe5a744c91ab/00843930011476.rgb.jpg/600x600bb.jpg
Taylor Swift,Red (Deluxe Edition),https://is1-ssl.mzstatic.com/image/thumb/Music221/v4/38/e4/31/38e431ce-dde5-53bd-4c61-adb98816a838/12UMDIM01012.rgb.jpg/100x100bb.jpg,2012-10-22,22,Country,https://is1-ssl.mzstatic.com/image/thumb/Music221/v4/38/e4/31/38e431ce-dde5-53bd-4c61-adb98816a838/12UMDIM01012.rgb.jpg/600x600bb.jpg
Taylor Swift,Red,https://is1-ssl.mzstatic.com/image/thumb/Music221/v4/25/0d/7e/250d7e42-3a2f-19ac-f865-f1e04a4a1f97/12UMDIM01007.rgb.jpg/100x100bb.jpg,2012-01-01,17,Country,https://is1-ssl.mzstatic.com/image/thumb/Music221/v4/25/0d/7e/250d7e42-3a2f-19ac-f865-f1e04a4a1f97/12UMDIM01007.rgb.jpg/600x600bb.jpg
Taylor Swift,Today Was a Fairytale - Single,https://is1-ssl.mzstatic.com/image/thumb/Music118/v4/51/98/fa/5198fa72-4ee3-ac6f-4af0-a7adb44462cb/00843930037759.rgb.jpg/100x100bb.jpg,2011-02-15,1,Country,https://is1-ssl.mzstatic.com/image/thumb/Music118/v4/51/98/fa/5198fa72-4ee3-ac6f-4af0-a7adb44462cb/00843930037759.rgb.jpg/600x600bb.jpg
Taylor Swift,Speak Now - World Tour Live,https://is1-ssl.mzstatic.com/image/thumb/Music128/v4/9b/0c/f1/9b0cf19d-a19e-1d54-0775-9d90a63b3419/00843930006021.rgb.jpg/100x100bb.jpg,2011-01-01,17,Country,https://is1-ssl.mzstatic.com/image/thumb/Music128/v4/9b/0c/f1/9b0cf19d-a19e-1d54-0775-9d90a63b3419/00843930006021.rgb.jpg/600x600bb.jpg
Taylor Swift,"Safe & Sound (From ""The Hunger Games"" Soundtrack) [feat. The Civil Wars] - Single",https://is1-ssl.mzstatic.com/image/thumb/Music124/v4/83/20/f1/8320f10b-2a16-c8bc-ad2c-af95cefc73cb/11UMGIM52798.rgb.jpg/100x100bb.jpg,2011-01-01,1,Pop,https://is1-ssl.mzstatic.com/image/thumb/Music124/v4/83/20/f1/8320f10b-2a16-c8bc-ad2c-af95cefc73cb/11UMGIM52798.rgb.jpg/600x600bb.jpg
Taylor Swift,Speak Now,https://is1-ssl.mzstatic.com/image/thumb/Music221/v4/d4/23/57/d423579f-24f7-5c82-ed10-fbfd21ceef25/10UMDIM00487.rgb.jpg/100x100bb.jpg,2010-10-25,15,Country,https://is1-ssl.mzstatic.com/image/thumb/Music221/v4/d4/23/57/d423579f-24f7-5c82-ed10-fbfd21ceef25/10UMDIM00487.rgb.jpg/600x600bb.jpg
Taylor Swift,Speak Now (Deluxe Edition),https://is1-ssl.mzstatic.com/image/thumb/Music221/v4/cc/4c/9b/cc4c9b86-1ff8-09bb-4d1f-1069cbacbc87/17UM1IM06953.rgb.jpg/100x100bb.jpg,2010-10-25,20,Country,https://is1-ssl.mzstatic.com/image/thumb/Music221/v4/cc/4c/9b/cc4c9b86-1ff8-09bb-4d1f-1069cbacbc87/17UM1IM06953.rgb.jpg/600x600bb.jpg
Taylor Swift,You're Not Sorry (CSI Remix) - Single,https://is1-ssl.mzstatic.com/image/thumb/Music123/v4/52/d9/e3/52d9e34c-ef4b-0779-51e5-3c22174c04fe/20OPBMR01181.rgb.jpg/100x100bb.jpg,2009-03-05,1,Country,https://is1-ssl.mzstatic.com/image/thumb/Music123/v4/52/d9/e3/52d9e34c-ef4b-0779-51e5-3c22174c04fe/20OPBMR01181.rgb.jpg/600x600bb.jpg
Taylor Swift,Love Story (Digital Dog Remix) - Single,https://is1-ssl.mzstatic.com/image/thumb/Music113/v4/bc/6c/b9/bc6cb9c5-f487-f94e-1a82-d6e5c46b666a/20OPBMR01180.rgb.jpg/100x100bb.jpg,2009-02-25,1,Country,https://is1-ssl.mzstatic.com/image/thumb/Music113/v4/bc/6c/b9/bc6cb9c5-f487-f94e-1a82-d6e5c46b666a/20OPBMR01180.rgb.jpg/600x600bb.jpg
Taylor Swift,Love Story (Pop Mix) - Single,https://is1-ssl.mzstatic.com/image/thumb/Music113/v4/5e/08/3e/5e083eda-2d1f-8365-6866-99be89e33e90/20OPBMR01179.rgb.jpg/100x100bb.jpg,2009-01-06,1,Country,https://is1-ssl.mzstatic.com/image/thumb/Music113/v4/5e/08/3e/5e083eda-2d1f-8365-6866-99be89e33e90/20OPBMR01179.rgb.jpg/600x600bb.jpg
Taylor Swift,Fearless,https://is1-ssl.mzstatic.com/image/thumb/Music221/v4/cb/6e/a7/cb6ea70a-6cb8-89a0-4da7-91e2d04a7bba/08PNDIM05386.rgb.jpg/100x100bb.jpg,2008-11-11,14,Country,https://is1-ssl.mzstatic.com/image/thumb/Music221/v4/cb/6e/a7/cb6ea70a-6cb8-89a0-4da7-91e2d04a7bba/08PNDIM05386.rgb.jpg/600x600bb.jpg
Taylor Swift,Fearless (Platinum Edition),https://is1-ssl.mzstatic.com/image/thumb/Music115/v4/59/dc/cb/59dccbb0-73f9-701e-7b5b-58c902ddfe68/09UMDIM00338.rgb.jpg/100x100bb.jpg,2008-11-11,29,Country,https://is1-ssl.mzstatic.com/image/thumb/Music115/v4/59/dc/cb/59dccbb0-73f9-701e-7b5b-58c902ddfe68/09UMDIM00338.rgb.jpg/600x600bb.jpg
Taylor Swift,iTunes Live from SoHo,https://is1-ssl.mzstatic.com/image/thumb/Music114/v4/e1/ef/01/e1ef0155-6e87-f7c8-716b-d1d2114dcd5a/00843930000661.rgb.jpg/100x100bb.jpg,2007-01-01,8,Country,https://is1-ssl.mzstatic.com/image/thumb/Music114/v4/e1/ef/01/e1ef0155-6e87-f7c8-716b-d1d2114dcd5a/00843930000661.rgb.jpg/600x600bb.jpg
Taylor Swift,Taylor Swift (Bonus Track Version),https://is1-ssl.mzstatic.com/image/thumb/Music221/v4/be/e1/48/bee148d6-d16c-d8f7-0173-d6cf6d684aa1/08PNDIM00678.rgb.jpg/100x100bb.jpg,2006-10-24,15,Country,https://is1-ssl.mzstatic.com/image/thumb/Music221/v4/be/e1/48/bee148d6-d16c-d8f7-0173-d6cf6d684aa1/08PNDIM00678.rgb.jpg/600x600bb.jpg
Taylor Swift,Taylor Swift,https://is1-ssl.mzstatic.com/image/thumb/Music221/v4/d0/f1/e0/d0f1e04e-a58c-7dc8-15d2-79c62dd94e5a/06PNDIM00825.rgb.jpg/100x100bb.jpg,2006-10-24,11,Country,https://is1-ssl.mzstatic.com/image/thumb/Music221/v4/d0/f1/e0/d0f1e04e-a58c-7dc8-15d2-79c62dd94e5a/06PNDIM00825.rgb.jpg/600x600bb.jpg
Red Hot Chili Peppers,The Shape I'm Takin' - Single,https://is1-ssl.mzstatic.com/image/thumb/Music122/v4/83/2a/0c/832a0c19-dcfe-7680-faa0-5e76761a9636/054391779298.jpg/100x100bb.jpg,2022-11-25,1,Alternative,https://is1-ssl.mzstatic.com/image/thumb/Music122/v4/83/2a/0c/832a0c19-dcfe-7680-faa0-5e76761a9636/054391779298.jpg/600x600bb.jpg
Red Hot Chili Peppers,Nerve Flip - Single,https://is1-ssl.mzstatic.com/image/thumb/Music112/v4/ca/d8/b0/cad8b04c-a537-3a95-2d0f-17a550e81e2e/054391889010.jpg/100x100bb.jpg,2022-06-03,1,Alternative,https://is1-ssl.mzstatic.com/image/thumb/Music112/v4/ca/d8/b0/cad8b04c-a537-3a95-2d0f-17a550e81e2e/054391889010.jpg/600x600bb.jpg
Red Hot Chili Peppers,The Getaway,https://is1-ssl.mzstatic.com/image/thumb/Music124/v4/22/3e/ed/223eedeb-3ad1-2bd8-c863-ab6fb39d658a/093624920137.jpg/100x100bb.jpg,2016-06-17,13,Alternative,https://is1-ssl.mzstatic.com/image/thumb/Music124/v4/22/3e/ed/223eedeb-3ad1-2bd8-c863-ab6fb39d658a/093624920137.jpg/600x600bb.jpg
Red Hot Chili Peppers,Hanalei / Open/Close - Single,https://is1-ssl.mzstatic.com/image/thumb/Music4/v4/9f/60/b1/9f60b1e0-6d61-ed3a-62c0-4dbddfaac595/054391975591.jpg/100x100bb.jpg,2013-07-23,2,Alternative,https://is1-ssl.mzstatic.com/image/thumb/Music4/v4/9f/60/b1/9f60b1e0-6d61-ed3a-62c0-4dbddfaac595/054391975591.jpg/600x600bb.jpg
Red Hot Chili Peppers,Catch My Death / How It Ends - Single,https://is1-ssl.mzstatic.com/image/thumb/Music114/v4/a0/c0/6f/a0c06f8b-255d-8269-608c-b832373573cd/054391975690.jpg/100x100bb.jpg,2013-07-23,2,Alternative,https://is1-ssl.mzstatic.com/image/thumb/Music114/v4/a0/c0/6f/a0c06f8b-255d-8269-608c-b832373573cd/054391975690.jpg/600x600bb.jpg
Red Hot Chili Peppers,This Is the Kitt / Brave from Afar - Single,https://is1-ssl.mzstatic.com/image/thumb/Music6/v4/82/09/0b/82090ba0-ad7a-f4a0-f281-1d03711923d9/054391975638.jpg/100x100bb.jpg,2013-07-23,2,Alternative,https://is1-ssl.mzstatic.com/image/thumb/Music6/v4/82/09/0b/82090ba0-ad7a-f4a0-f281-1d03711923d9/054391975638.jpg/600x600bb.jpg
Red Hot Chili Peppers,In Love Dying - Single,https://is1-ssl.mzstatic.com/image/thumb/Music/v4/46/00/5b/46005b47-1a76-0abe-a5fc-abe291c1cb1f/054391976055.jpg/100x100bb.jpg,2013-02-01,1,Alternative,https://is1-ssl.mzstatic.com/image/thumb/Music/v4/46/00/5b/46005b47-1a76-0abe-a5fc-abe291c1cb1f/054391976055.jpg/600x600bb.jpg
Red Hot Chili Peppers,The Sunset Sleeps / Hometown Gypsy - Single,https://is1-ssl.mzstatic.com/image/thumb/Music/v4/7f/72/c4/7f72c45f-5979-7587-19cd-aa2ee47295ff/054391976086.jpg/100x100bb.jpg,2012-11-02,2,Alternative,https://is1-ssl.mzstatic.com/image/thumb/Music/v4/7f/72/c4/7f72c45f-5979-7587-19cd-aa2ee47295ff/054391976086.jpg/600x600bb.jpg
Red Hot Chili Peppers,Never Is a Long Time / Love of Your Life - Single,https://is1-ssl.mzstatic.com/image/thumb/Music124/v4/5e/f5/38/5ef53871-af97-83fa-5d45-529997abc2e0/054391976093.jpg/100x100bb.jpg,2012-09-28,2,Alternative,https://is1-ssl.mzstatic.com/image/thumb/Music124/v4/5e/f5/38/5ef53871-af97-83fa-5d45-529997abc2e0/054391976093.jpg/600x600bb.jpg
Red Hot Chili Peppers,Magpies On Fire / Victorian Machinery - Single,https://is1-ssl.mzstatic.com/image/thumb/Music/v4/5e/91/7b/5e917bb6-d8e2-b8d1-7f1f-912f14418ea2/054391976109.jpg/100x100bb.jpg,2012-09-07,2,Alternative,https://is1-ssl.mzstatic.com/image/thumb/Music/v4/5e/91/7b/5e917bb6-d8e2-b8d1-7f1f-912f14418ea2/054391976109.jpg/600x600bb.jpg
Red Hot Chili Peppers,Strange Man / Long Progression - Single,https://is1-ssl.mzstatic.com/image/thumb/Music/v4/a3/7a/a9/a37aa905-0e4b-9836-dd37-77ac49674789/054391976116.jpg/100x100bb.jpg,2012-08-07,2,Alternative,https://is1-ssl.mzstatic.com/image/thumb/Music/v4/a3/7a/a9/a37aa905-0e4b-9836-dd37-77ac49674789/054391976116.jpg/600x600bb.jpg
Red Hot Chili Peppers,Rock & Roll Hall of Fame Covers - EP,https://is1-ssl.mzstatic.com/image/thumb/Music/v4/62/84/ec/6284ec7e-ba57-92f6-3be4-e79f76c3d0a3/093624950950.jpg/100x100bb.jpg,2012-05-01,6,Alternative,https://is1-ssl.mzstatic.com/image/thumb/Music/v4/62/84/ec/6284ec7e-ba57-92f6-3be4-e79f76c3d0a3/093624950950.jpg/600x600bb.jpg
Red Hot Chili Peppers,Tell Me Baby - EP,https://is1-ssl.mzstatic.com/image/thumb/Features/v4/9c/9a/1f/9c9a1f76-baf6-9193-6140-8a66d7d576d9/dj.hvcensfr.jpg/100x100bb.jpg,2006-12-19,4,Alternative,https://is1-ssl.mzstatic.com/image/thumb/Features/v4/9c/9a/1f/9c9a1f76-baf6-9193-6140-8a66d7d576d9/dj.hvcensfr.jpg/600x600bb.jpg
Red Hot Chili Peppers,Snow (Hey Oh) - Single,https://is1-ssl.mzstatic.com/image/thumb/Music125/v4/2a/24/8e/2a248e94-2b8e-3745-906a-084837c0d547/mzi.xeoqdinh.jpg/100x100bb.jpg,2006-11-20,4,Alternative,https://is1-ssl.mzstatic.com/image/thumb/Music125/v4/2a/24/8e/2a248e94-2b8e-3745-906a-084837c0d547/mzi.xeoqdinh.jpg/600x600bb.jpg
Red Hot Chili Peppers,iTunes Originals: Red Hot Chili Peppers,https://is1-ssl.mzstatic.com/image/thumb/Music/e6/42/c5/mzi.qdkdvmtf.jpg/100x100bb.jpg,2006-09-12,23,Alternative,https://is1-ssl.mzstatic.com/image/thumb/Music/e6/42/c5/mzi.qdkdvmtf.jpg/600x600bb.jpg
Red Hot Chili Peppers,Stadium Arcadium,https://is1-ssl.mzstatic.com/image/thumb/Music5/v4/5e/49/35/5e493511-d87b-5aa2-b379-30fffbae902b/093624932154.jpg/100x100bb.jpg,2006-05-09,28,Alternative,https://is1-ssl.mzstatic.com/image/thumb/Music5/v4/5e/49/35/5e493511-d87b-5aa2-b379-30fffbae902b/093624932154.jpg/600x600bb.jpg
Red Hot Chili Peppers,Dani California - EP,https://is1-ssl.mzstatic.com/image/thumb/Music115/v4/b3/c7/92/b3c79219-56da-c92d-2d3d-251d2f0311da/mzi.uftybaxp.jpg/100x100bb.jpg,2006-04-03,4,Alternative,https://is1-ssl.mzstatic.com/image/thumb/Music115/v4/b3/c7/92/b3c79219-56da-c92d-2d3d-251d2f0311da/mzi.uftybaxp.jpg/600x600bb.jpg
Red Hot Chili Peppers,Greatest Hits,https://is1-ssl.mzstatic.com/image/thumb/Music124/v4/94/d4/24/94d42473-eb0e-229b-dd84-900a1874a91d/093624931980.jpg/100x100bb.jpg,2003-11-18,16,Alternative,https://is1-ssl.mzstatic.com/image/thumb/Music124/v4/94/d4/24/94d42473-eb0e-229b-dd84-900a1874a91d/093624931980.jpg/600x600bb.jpg
Red Hot Chili Peppers,The Videos,https://is1-ssl.mzstatic.com/image/thumb/Music/08/8f/0b/mzi.lbejlbmn.jpg/100x100bb.jpg,2003-11-18,16,Alternative,https://is1-ssl.mzstatic.com/image/thumb/Music/08/8f/0b/mzi.lbejlbmn.jpg/600x600bb.jpg
Red Hot Chili Peppers,Higher Ground / If You Want Me To Stay - EP,https://is1-ssl.mzstatic.com/image/thumb/Music221/v4/f9/ff/09/f9ff09e5-067f-32fa-a5b8-58ebb7591f3f/093624816751.jpg/100x100bb.jpg,1992-01-01,6,Rock,https://is1-ssl.mzstatic.com/image/thumb/Music221/v4/f9/ff/09/f9ff09e5-067f-32fa-a5b8-58ebb7591f3f/093624816751.jpg/600x600bb.jpg
Red Hot Chili Peppers,Higher Ground - Single,https://is1-ssl.mzstatic.com/image/thumb/Music221/v4/ff/08/e2/ff08e211-09cf-c541-06dd-0566b97c3058/054391213013.jpg/100x100bb.jpg,1989-01-01,2,Alternative,https://is1-ssl.mzstatic.com/image/thumb/Music221/v4/ff/08/e2/ff08e211-09cf-c541-06dd-0566b97c3058/054391213013.jpg/600x600bb.jpg
