artist,title,clean_title,release_date,artwork_url,image_path
Taylor Swift,Lover,Lover,2019-08-23,https://is1-ssl.mzstatic.com/image/thumb/Music125/v4/49/3d/ab/493dab54-f920-9043-6181-80993b8116c9/19UMGIM53909.rgb.jpg/600x600bb.jpg,images/00_Tay_Lover.jpg
Taylor Swift,THE TORTURED POETS DEPARTMENT: THE ANTHOLOGY,THE TORTURED POETS DEPARTMENT: THE ANTHOLOGY,2024-04-19,https://is1-ssl.mzstatic.com/image/thumb/Music221/v4/a4/86/59/a486593a-53c9-1c2a-5122-8f25339f7359/24UMGIM44778.rgb.jpg/600x600bb.jpg,images/01_Tay_THETORTUREDP.jpg
Taylor Swift,folklore,folklore,2020-07-24,https://is1-ssl.mzstatic.com/image/thumb/Music125/v4/ca/f3/67/caf367a5-2cf6-6b2e-a891-97dc57b19f08/20UMGIM64216.rgb.jpg/600x600bb.jpg,images/02_Tay_folklore.jpg
Taylor Swift,Midnights (3am Edition),Midnights,2022-10-21,https://is1-ssl.mzstatic.com/image/thumb/Music122/v4/59/13/5c/59135ccc-8425-415c-7f89-8aeada60088e/22UM1IM22440.rgb.jpg/600x600bb.jpg,images/03_Tay_Midnights.jpg
Taylor Swift,Red (Taylor's Version),Red,2021-11-12,https://is1-ssl.mzstatic.com/image/thumb/Music125/v4/e1/b1/04/e1b10422-f39c-a8c7-195b-ebdb8c05489c/21UM1IM25046.rgb.jpg/600x600bb.jpg,images/04_Tay_Red.jpg
Taylor Swift,evermore,evermore,2020-12-11,https://is1-ssl.mzstatic.com/image/thumb/Music124/v4/bd/dd/54/bddd543b-4e0f-007b-1398-5fef90b963c3/20UM1IM14847.rgb.jpg/600x600bb.jpg,images/05_Tay_evermore.jpg
Taylor Swift,Fearless (Taylor's Version),Fearless,2021-04-09,https://is1-ssl.mzstatic.com/image/thumb/Music125/v4/c3/d0/1c/c3d01c88-73e7-187e-fd62-e1744de979a6/21UMGIM09915.rgb.jpg/600x600bb.jpg,images/06_Tay_Fearless.jpg
Taylor Swift,The Life of a Showgirl + “A Look Behind the Curtain”,The Life of a Showgirl + “A Look Behind the Curtain”,2025-10-03,https://is1-ssl.mzstatic.com/image/thumb/Music221/v4/59/36/1b/59361bc2-786b-4d92-46cb-65d97a5c3edb/25UM1IM37347.rgb.jpg/600x600bb.jpg,images/07_Tay_TheLifeofaSh.jpg
Taylor Swift,Speak Now (Taylor's Version),Speak Now,2023-07-07,https://is1-ssl.mzstatic.com/image/thumb/Music126/v4/3b/02/ea/3b02ea2d-2586-59d7-d2b8-e9b6af6b52b3/23UMGIM63932.rgb.jpg/600x600bb.jpg,images/08_Tay_SpeakNow.jpg
Taylor Swift,reputation,reputation,2017-11-10,https://is1-ssl.mzstatic.com/image/thumb/Music221/v4/eb/e6/06/ebe606da-e00f-82d3-47f3-b79904eed541/17UM1IM24651.rgb.jpg/600x600bb.jpg,images/09_Tay_reputation.jpg
Red Hot Chili Peppers,I'm with You,I'm with You,2011-08-26,https://is1-ssl.mzstatic.com/image/thumb/Music114/v4/00/8c/9a/008c9ad2-409a-a830-7e4d-ec5b5085415a/093624954811.jpg/600x600bb.jpg,images/10_Red_ImwithYou.jpg
Red Hot Chili Peppers,Greatest Hits,Greatest Hits,2003-11-18,https://is1-ssl.mzstatic.com/image/thumb/Music115/v4/a0/fe/3f/a0fe3ff1-d068-b00e-6265-0b53dd144dcf/093624931997.jpg/600x600bb.jpg,images/11_Red_GreatestHits.jpg
Red Hot Chili Peppers,The Getaway,The Getaway,2016-06-17,https://is1-ssl.mzstatic.com/image/thumb/Music124/v4/22/3e/ed/223eedeb-3ad1-2bd8-c863-ab6fb39d658a/093624920137.jpg/600x600bb.jpg,images/12_Red_TheGetaway.jpg
Red Hot Chili Peppers,Blood Sugar Sex Magik,Blood Sugar Sex Magik,1991-09-24,https://is1-ssl.mzstatic.com/image/thumb/Music125/v4/2b/2b/56/2b2b564c-e21e-bd40-a8cf-cb47dedcb7df/093624932147.jpg/600x600bb.jpg,images/13_Red_BloodSugarSe.jpg
Red Hot Chili Peppers,Stadium Arcadium,Stadium Arcadium,2006-05-09,https://is1-ssl.mzstatic.com/image/thumb/Music5/v4/5e/49/35/5e493511-d87b-5aa2-b379-30fffbae902b/093624932154.jpg/600x600bb.jpg,images/14_Red_StadiumArcad.jpg
Red Hot Chili Peppers,Unlimited Love,Unlimited Love,2022-04-01,https://is1-ssl.mzstatic.com/image/thumb/Music116/v4/6a/f5/6b/6af56b1d-1cc8-68e8-a428-5caccf20e69a/093624880639.jpg/600x600bb.jpg,images/15_Red_UnlimitedLov.jpg
Red Hot Chili Peppers,Californication (Remastered),Californication,1999-06-08,https://is1-ssl.mzstatic.com/image/thumb/Music124/v4/4c/86/1d/4c861dab-5428-f3b7-8068-82bb69db5e89/093624932130.jpg/600x600bb.jpg,images/16_Red_Californicat.jpg
Red Hot Chili Peppers,By the Way,By the Way,2002-07-09,https://is1-ssl.mzstatic.com/image/thumb/Music115/v4/73/ec/27/73ec2771-a008-e55b-8ccd-faf6257d5cd0/093624932178.jpg/600x600bb.jpg,images/17_Red_BytheWay.jpg
Red Hot Chili Peppers,Return of the Dream Canteen,Return of the Dream Canteen,2022-10-14,https://is1-ssl.mzstatic.com/image/thumb/Music122/v4/68/87/05/688705e6-ff03-16f6-2509-defaeea662be/093624875611.jpg/600x600bb.jpg,images/18_Red_ReturnoftheD.jpg
Red Hot Chili Peppers,Rock & Roll Hall of Fame Covers - EP,Rock & Roll Hall of Fame Covers - EP,2012-05-01,https://is1-ssl.mzstatic.com/image/thumb/Music/v4/62/84/ec/6284ec7e-ba57-92f6-3be4-e79f76c3d0a3/093624950950.jpg/600x600bb.jpg,images/19_Red_RockRollHall.jpg
