artist1,title1,img1,artist2,title2,img2,same_artist,color_sim,design_sim,similarity
Taylor Swift,folklore,images/02_Tay_folklore.jpg,Taylor Swift,evermore,images/05_Tay_evermore.jpg,True,0.904,0.651,0.778
Taylor Swift,Midnights,images/03_Tay_Midnights.jpg,Taylor Swift,evermore,images/05_Tay_evermore.jpg,True,0.84,0.644,0.742
Red Hot Chili Peppers,I'm with You,images/10_Red_ImwithYou.jpg,Red Hot Chili Peppers,Greatest Hits,images/11_Red_GreatestHits.jpg,True,0.958,0.378,0.668
Taylor Swift,folklore,images/02_Tay_folklore.jpg,Taylor Swift,reputation,images/09_Tay_reputation.jpg,True,0.998,0.286,0.642
Taylor Swift,evermore,images/05_Tay_evermore.jpg,Taylor Swift,reputation,images/09_Tay_reputation.jpg,True,0.904,0.368,0.636
Taylor Swift,evermore,images/05_Tay_evermore.jpg,Red Hot Chili Peppers,Greatest Hits,images/11_Red_GreatestHits.jpg,False,0.617,0.644,0.63
Taylor Swift,THE TORTURED POETS DEPARTMENT: THE ANTHOLOGY,images/01_Tay_THETORTUREDP.jpg,Taylor Swift,Speak Now,images/08_Tay_SpeakNow.jpg,True,0.666,0.584,0.625
Taylor Swift,Midnights,images/03_Tay_Midnights.jpg,Red Hot Chili Peppers,Greatest Hits,images/11_Red_GreatestHits.jpg,False,0.873,0.351,0.612
Taylor Swift,folklore,images/02_Tay_folklore.jpg,Taylor Swift,The Life of a Showgirl + “A Look Behind the Curtain”,images/07_Tay_TheLifeofaSh.jpg,True,0.927,0.278,0.603
Red Hot Chili Peppers,Stadium Arcadium,images/14_Red_StadiumArcad.jpg,Red Hot Chili Peppers,Return of the Dream Canteen,images/18_Red_ReturnoftheD.jpg,True,0.916,0.269,0.592
Taylor Swift,THE TORTURED POETS DEPARTMENT: THE ANTHOLOGY,images/01_Tay_THETORTUREDP.jpg,Taylor Swift,folklore,images/02_Tay_folklore.jpg,True,0.984,0.183,0.584
Taylor Swift,THE TORTURED POETS DEPARTMENT: THE ANTHOLOGY,images/01_Tay_THETORTUREDP.jpg,Red Hot Chili Peppers,Unlimited Love,images/15_Red_UnlimitedLov.jpg,False,0.907,0.206,0.557
Taylor Swift,Midnights,images/03_Tay_Midnights.jpg,Taylor Swift,reputation,images/09_Tay_reputation.jpg,True,0.555,0.543,0.549
Taylor Swift,folklore,images/02_Tay_folklore.jpg,Red Hot Chili Peppers,Unlimited Love,images/15_Red_UnlimitedLov.jpg,False,0.872,0.192,0.532
Taylor Swift,The Life of a Showgirl + “A Look Behind the Curtain”,images/07_Tay_TheLifeofaSh.jpg,Taylor Swift,Speak Now,images/08_Tay_SpeakNow.jpg,True,0.771,0.256,0.513
Taylor Swift,Speak Now,images/08_Tay_SpeakNow.jpg,Red Hot Chili Peppers,Unlimited Love,images/15_Red_UnlimitedLov.jpg,False,0.656,0.368,0.512
Red Hot Chili Peppers,Blood Sugar Sex Magik,images/13_Red_BloodSugarSe.jpg,Red Hot Chili Peppers,Return of the Dream Canteen,images/18_Red_ReturnoftheD.jpg,True,0.861,0.159,0.51
Taylor Swift,Red,images/04_Tay_Red.jpg,Taylor Swift,reputation,images/09_Tay_reputation.jpg,True,0.965,0.035,0.5
Taylor Swift,THE TORTURED POETS DEPARTMENT: THE ANTHOLOGY,images/01_Tay_THETORTUREDP.jpg,Taylor Swift,The Life of a Showgirl + “A Look Behind the Curtain”,images/07_Tay_TheLifeofaSh.jpg,True,0.932,0.05,0.491
Red Hot Chili Peppers,The Getaway,images/12_Red_TheGetaway.jpg,Red Hot Chili Peppers,Californication,images/16_Red_Californicat.jpg,True,0.603,0.378,0.491
Taylor Swift,Red,images/04_Tay_Red.jpg,Taylor Swift,Fearless,images/06_Tay_Fearless.jpg,True,0.656,0.302,0.479
Taylor Swift,The Life of a Showgirl + “A Look Behind the Curtain”,images/07_Tay_TheLifeofaSh.jpg,Taylor Swift,reputation,images/09_Tay_reputation.jpg,True,0.929,0.025,0.477
Taylor Swift,Speak Now,images/08_Tay_SpeakNow.jpg,Red Hot Chili Peppers,Rock & Roll Hall of Fame Covers - EP,images/19_Red_RockRollHall.jpg,False,0.78,0.158,0.469
Taylor Swift,Midnights,images/03_Tay_Midnights.jpg,Red Hot Chili Peppers,I'm with You,images/10_Red_ImwithYou.jpg,False,0.767,0.159,0.463
Taylor Swift,evermore,images/05_Tay_evermore.jpg,Taylor Swift,The Life of a Showgirl + “A Look Behind the Curtain”,images/07_Tay_TheLifeofaSh.jpg,True,0.911,0.01,0.46
Taylor Swift,The Life of a Showgirl + “A Look Behind the Curtain”,images/07_Tay_TheLifeofaSh.jpg,Red Hot Chili Peppers,Unlimited Love,images/15_Red_UnlimitedLov.jpg,False,0.875,0.041,0.458
Taylor Swift,Speak Now,images/08_Tay_SpeakNow.jpg,Red Hot Chili Peppers,Stadium Arcadium,images/14_Red_StadiumArcad.jpg,False,0.391,0.516,0.454
Taylor Swift,Lover,images/00_Tay_Lover.jpg,Taylor Swift,Midnights,images/03_Tay_Midnights.jpg,True,0.683,0.223,0.453
Red Hot Chili Peppers,The Getaway,images/12_Red_TheGetaway.jpg,Red Hot Chili Peppers,Blood Sugar Sex Magik,images/13_Red_BloodSugarSe.jpg,True,0.919,-0.015,0.452
Red Hot Chili Peppers,The Getaway,images/12_Red_TheGetaway.jpg,Red Hot Chili Peppers,Return of the Dream Canteen,images/18_Red_ReturnoftheD.jpg,True,0.942,-0.044,0.449
Taylor Swift,Red,images/04_Tay_Red.jpg,Taylor Swift,The Life of a Showgirl + “A Look Behind the Curtain”,images/07_Tay_TheLifeofaSh.jpg,True,0.947,-0.052,0.448
Taylor Swift,folklore,images/02_Tay_folklore.jpg,Taylor Swift,Midnights,images/03_Tay_Midnights.jpg,True,0.553,0.344,0.448
Taylor Swift,Speak Now,images/08_Tay_SpeakNow.jpg,Red Hot Chili Peppers,Return of the Dream Canteen,images/18_Red_ReturnoftheD.jpg,False,0.586,0.309,0.447
Taylor Swift,Fearless,images/06_Tay_Fearless.jpg,Red Hot Chili Peppers,Californication,images/16_Red_Californicat.jpg,False,0.588,0.297,0.442
Taylor Swift,folklore,images/02_Tay_folklore.jpg,Taylor Swift,Speak Now,images/08_Tay_SpeakNow.jpg,True,0.651,0.221,0.436
Taylor Swift,evermore,images/05_Tay_evermore.jpg,Red Hot Chili Peppers,Unlimited Love,images/15_Red_UnlimitedLov.jpg,False,0.945,-0.075,0.435
Taylor Swift,Red,images/04_Tay_Red.jpg,Red Hot Chili Peppers,Californication,images/16_Red_Californicat.jpg,False,0.776,0.09,0.433
Red Hot Chili Peppers,Stadium Arcadium,images/14_Red_StadiumArcad.jpg,Red Hot Chili Peppers,Unlimited Love,images/15_Red_UnlimitedLov.jpg,True,0.305,0.545,0.425
Taylor Swift,Midnights,images/03_Tay_Midnights.jpg,Red Hot Chili Peppers,Rock & Roll Hall of Fame Covers - EP,images/19_Red_RockRollHall.jpg,False,0.85,-0.009,0.42
Red Hot Chili Peppers,Blood Sugar Sex Magik,images/13_Red_BloodSugarSe.jpg,Red Hot Chili Peppers,Stadium Arcadium,images/14_Red_StadiumArcad.jpg,True,0.805,0.032,0.418
Taylor Swift,evermore,images/05_Tay_evermore.jpg,Red Hot Chili Peppers,Rock & Roll Hall of Fame Covers - EP,images/19_Red_RockRollHall.jpg,False,0.867,-0.036,0.416
Taylor Swift,THE TORTURED POETS DEPARTMENT: THE ANTHOLOGY,images/01_Tay_THETORTUREDP.jpg,Red Hot Chili Peppers,Rock & Roll Hall of Fame Covers - EP,images/19_Red_RockRollHall.jpg,False,0.736,0.097,0.416
Red Hot Chili Peppers,The Getaway,images/12_Red_TheGetaway.jpg,Red Hot Chili Peppers,By the Way,images/17_Red_BytheWay.jpg,True,0.701,0.126,0.413
Red Hot Chili Peppers,Unlimited Love,images/15_Red_UnlimitedLov.jpg,Red Hot Chili Peppers,Rock & Roll Hall of Fame Covers - EP,images/19_Red_RockRollHall.jpg,True,0.803,0.018,0.41
Taylor Swift,Red,images/04_Tay_Red.jpg,Red Hot Chili Peppers,Unlimited Love,images/15_Red_UnlimitedLov.jpg,False,0.938,-0.125,0.406
Red Hot Chili Peppers,Stadium Arcadium,images/14_Red_StadiumArcad.jpg,Red Hot Chili Peppers,By the Way,images/17_Red_BytheWay.jpg,True,0.769,0.039,0.404
Red Hot Chili Peppers,Californication,images/16_Red_Californicat.jpg,Red Hot Chili Peppers,Rock & Roll Hall of Fame Covers - EP,images/19_Red_RockRollHall.jpg,True,0.774,0.025,0.399
Taylor Swift,The Life of a Showgirl + “A Look Behind the Curtain”,images/07_Tay_TheLifeofaSh.jpg,Red Hot Chili Peppers,Rock & Roll Hall of Fame Covers - EP,images/19_Red_RockRollHall.jpg,False,0.868,-0.071,0.398
Taylor Swift,folklore,images/02_Tay_folklore.jpg,Red Hot Chili Peppers,Rock & Roll Hall of Fame Covers - EP,images/19_Red_RockRollHall.jpg,False,0.74,0.031,0.386
Red Hot Chili Peppers,Greatest Hits,images/11_Red_GreatestHits.jpg,Red Hot Chili Peppers,Rock & Roll Hall of Fame Covers - EP,images/19_Red_RockRollHall.jpg,True,0.549,0.222,0.385
Taylor Swift,reputation,images/09_Tay_reputation.jpg,Red Hot Chili Peppers,Rock & Roll Hall of Fame Covers - EP,images/19_Red_RockRollHall.jpg,False,0.744,0.021,0.383
Taylor Swift,THE TORTURED POETS DEPARTMENT: THE ANTHOLOGY,images/01_Tay_THETORTUREDP.jpg,Taylor Swift,reputation,images/09_Tay_reputation.jpg,True,0.988,-0.242,0.373
Taylor Swift,folklore,images/02_Tay_folklore.jpg,Red Hot Chili Peppers,Greatest Hits,images/11_Red_GreatestHits.jpg,False,0.293,0.437,0.365
Taylor Swift,THE TORTURED POETS DEPARTMENT: THE ANTHOLOGY,images/01_Tay_THETORTUREDP.jpg,Taylor Swift,Red,images/04_Tay_Red.jpg,True,0.968,-0.24,0.364
Taylor Swift,The Life of a Showgirl + “A Look Behind the Curtain”,images/07_Tay_TheLifeofaSh.jpg,Red Hot Chili Peppers,Californication,images/16_Red_Californicat.jpg,False,0.756,-0.032,0.362
Taylor Swift,reputation,images/09_Tay_reputation.jpg,Red Hot Chili Peppers,Unlimited Love,images/15_Red_UnlimitedLov.jpg,False,0.876,-0.155,0.361
Taylor Swift,Fearless,images/06_Tay_Fearless.jpg,Red Hot Chili Peppers,Return of the Dream Canteen,images/18_Red_ReturnoftheD.jpg,False,0.301,0.415,0.358
Taylor Swift,Lover,images/00_Tay_Lover.jpg,Red Hot Chili Peppers,Californication,images/16_Red_Californicat.jpg,False,0.544,0.166,0.355
Taylor Swift,Lover,images/00_Tay_Lover.jpg,Taylor Swift,evermore,images/05_Tay_evermore.jpg,True,0.58,0.128,0.354
Taylor Swift,Lover,images/00_Tay_Lover.jpg,Red Hot Chili Peppers,Greatest Hits,images/11_Red_GreatestHits.jpg,False,0.407,0.296,0.352
Red Hot Chili Peppers,Greatest Hits,images/11_Red_GreatestHits.jpg,Red Hot Chili Peppers,By the Way,images/17_Red_BytheWay.jpg,True,0.299,0.403,0.351
Taylor Swift,evermore,images/05_Tay_evermore.jpg,Red Hot Chili Peppers,Blood Sugar Sex Magik,images/13_Red_BloodSugarSe.jpg,False,0.694,-0.004,0.345
Taylor Swift,evermore,images/05_Tay_evermore.jpg,Red Hot Chili Peppers,I'm with You,images/10_Red_ImwithYou.jpg,False,0.412,0.273,0.342
Red Hot Chili Peppers,The Getaway,images/12_Red_TheGetaway.jpg,Red Hot Chili Peppers,Stadium Arcadium,images/14_Red_StadiumArcad.jpg,True,0.899,-0.217,0.341
Red Hot Chili Peppers,Blood Sugar Sex Magik,images/13_Red_BloodSugarSe.jpg,Red Hot Chili Peppers,By the Way,images/17_Red_BytheWay.jpg,True,0.713,-0.033,0.34
Taylor Swift,Lover,images/00_Tay_Lover.jpg,Taylor Swift,reputation,images/09_Tay_reputation.jpg,True,0.395,0.284,0.339
Taylor Swift,Lover,images/00_Tay_Lover.jpg,Red Hot Chili Peppers,The Getaway,images/12_Red_TheGetaway.jpg,False,0.661,0.016,0.339
Taylor Swift,THE TORTURED POETS DEPARTMENT: THE ANTHOLOGY,images/01_Tay_THETORTUREDP.jpg,Taylor Swift,evermore,images/05_Tay_evermore.jpg,True,0.917,-0.241,0.338
Taylor Swift,Midnights,images/03_Tay_Midnights.jpg,Taylor Swift,The Life of a Showgirl + “A Look Behind the Curtain”,images/07_Tay_TheLifeofaSh.jpg,True,0.655,0.019,0.337
Taylor Swift,THE TORTURED POETS DEPARTMENT: THE ANTHOLOGY,images/01_Tay_THETORTUREDP.jpg,Taylor Swift,Fearless,images/06_Tay_Fearless.jpg,True,0.545,0.128,0.337
Red Hot Chili Peppers,By the Way,images/17_Red_BytheWay.jpg,Red Hot Chili Peppers,Return of the Dream Canteen,images/18_Red_ReturnoftheD.jpg,True,0.776,-0.104,0.336
Taylor Swift,folklore,images/02_Tay_folklore.jpg,Taylor Swift,Red,images/04_Tay_Red.jpg,True,0.967,-0.303,0.332
Taylor Swift,Lover,images/00_Tay_Lover.jpg,Red Hot Chili Peppers,Rock & Roll Hall of Fame Covers - EP,images/19_Red_RockRollHall.jpg,False,0.662,-0.001,0.331
Taylor Swift,Red,images/04_Tay_Red.jpg,Red Hot Chili Peppers,Rock & Roll Hall of Fame Covers - EP,images/19_Red_RockRollHall.jpg,False,0.798,-0.14,0.329
Taylor Swift,evermore,images/05_Tay_evermore.jpg,Red Hot Chili Peppers,By the Way,images/17_Red_BytheWay.jpg,False,0.245,0.404,0.325
Taylor Swift,Red,images/04_Tay_Red.jpg,Taylor Swift,evermore,images/05_Tay_evermore.jpg,True,0.944,-0.294,0.325
Taylor Swift,Fearless,images/06_Tay_Fearless.jpg,Red Hot Chili Peppers,The Getaway,images/12_Red_TheGetaway.jpg,False,0.335,0.315,0.325
Taylor Swift,The Life of a Showgirl + “A Look Behind the Curtain”,images/07_Tay_TheLifeofaSh.jpg,Red Hot Chili Peppers,Blood Sugar Sex Magik,images/13_Red_BloodSugarSe.jpg,False,0.485,0.163,0.324
Taylor Swift,Midnights,images/03_Tay_Midnights.jpg,Red Hot Chili Peppers,Blood Sugar Sex Magik,images/13_Red_BloodSugarSe.jpg,False,0.644,0.004,0.324
Taylor Swift,Fearless,images/06_Tay_Fearless.jpg,Red Hot Chili Peppers,Rock & Roll Hall of Fame Covers - EP,images/19_Red_RockRollHall.jpg,False,0.696,-0.052,0.322
Red Hot Chili Peppers,Greatest Hits,images/11_Red_GreatestHits.jpg,Red Hot Chili Peppers,Unlimited Love,images/15_Red_UnlimitedLov.jpg,True,0.613,0.024,0.319
Taylor Swift,THE TORTURED POETS DEPARTMENT: THE ANTHOLOGY,images/01_Tay_THETORTUREDP.jpg,Red Hot Chili Peppers,Return of the Dream Canteen,images/18_Red_ReturnoftheD.jpg,False,0.405,0.221,0.313
Red Hot Chili Peppers,Blood Sugar Sex Magik,images/13_Red_BloodSugarSe.jpg,Red Hot Chili Peppers,Californication,images/16_Red_Californicat.jpg,True,0.624,-0.002,0.311
Red Hot Chili Peppers,Blood Sugar Sex Magik,images/13_Red_BloodSugarSe.jpg,Red Hot Chili Peppers,Unlimited Love,images/15_Red_UnlimitedLov.jpg,True,0.57,0.053,0.311
Taylor Swift,Speak Now,images/08_Tay_SpeakNow.jpg,Red Hot Chili Peppers,Blood Sugar Sex Magik,images/13_Red_BloodSugarSe.jpg,False,0.559,0.062,0.311
Taylor Swift,Fearless,images/06_Tay_Fearless.jpg,Red Hot Chili Peppers,Unlimited Love,images/15_Red_UnlimitedLov.jpg,False,0.779,-0.161,0.309
Taylor Swift,reputation,images/09_Tay_reputation.jpg,Red Hot Chili Peppers,Californication,images/16_Red_Californicat.jpg,False,0.727,-0.117,0.305
Red Hot Chili Peppers,Unlimited Love,images/15_Red_UnlimitedLov.jpg,Red Hot Chili Peppers,Return of the Dream Canteen,images/18_Red_ReturnoftheD.jpg,True,0.437,0.158,0.298
Taylor Swift,folklore,images/02_Tay_folklore.jpg,Red Hot Chili Peppers,Blood Sugar Sex Magik,images/13_Red_BloodSugarSe.jpg,False,0.512,0.085,0.298
Taylor Swift,Midnights,images/03_Tay_Midnights.jpg,Red Hot Chili Peppers,Unlimited Love,images/15_Red_UnlimitedLov.jpg,False,0.778,-0.187,0.296
Taylor Swift,Lover,images/00_Tay_Lover.jpg,Red Hot Chili Peppers,Blood Sugar Sex Magik,images/13_Red_BloodSugarSe.jpg,False,0.679,-0.089,0.295
Red Hot Chili Peppers,Californication,images/16_Red_Californicat.jpg,Red Hot Chili Peppers,Return of the Dream Canteen,images/18_Red_ReturnoftheD.jpg,True,0.613,-0.026,0.293
Taylor Swift,Fearless,images/06_Tay_Fearless.jpg,Taylor Swift,Speak Now,images/08_Tay_SpeakNow.jpg,True,0.393,0.186,0.29
Taylor Swift,Lover,images/00_Tay_Lover.jpg,Red Hot Chili Peppers,I'm with You,images/10_Red_ImwithYou.jpg,False,0.299,0.272,0.286
Taylor Swift,Fearless,images/06_Tay_Fearless.jpg,Red Hot Chili Peppers,Blood Sugar Sex Magik,images/13_Red_BloodSugarSe.jpg,False,0.429,0.141,0.285
Taylor Swift,reputation,images/09_Tay_reputation.jpg,Red Hot Chili Peppers,Greatest Hits,images/11_Red_GreatestHits.jpg,False,0.295,0.271,0.283
Taylor Swift,Midnights,images/03_Tay_Midnights.jpg,Taylor Swift,Red,images/04_Tay_Red.jpg,True,0.659,-0.093,0.283
Taylor Swift,Lover,images/00_Tay_Lover.jpg,Red Hot Chili Peppers,Return of the Dream Canteen,images/18_Red_ReturnoftheD.jpg,False,0.71,-0.148,0.281
Red Hot Chili Peppers,Unlimited Love,images/15_Red_UnlimitedLov.jpg,Red Hot Chili Peppers,Californication,images/16_Red_Californicat.jpg,True,0.755,-0.2,0.277
Taylor Swift,Lover,images/00_Tay_Lover.jpg,Red Hot Chili Peppers,By the Way,images/17_Red_BytheWay.jpg,False,0.523,0.019,0.271
Red Hot Chili Peppers,I'm with You,images/10_Red_ImwithYou.jpg,Red Hot Chili Peppers,By the Way,images/17_Red_BytheWay.jpg,True,0.179,0.352,0.265
Taylor Swift,Lover,images/00_Tay_Lover.jpg,Taylor Swift,Red,images/04_Tay_Red.jpg,True,0.377,0.151,0.264
Taylor Swift,THE TORTURED POETS DEPARTMENT: THE ANTHOLOGY,images/01_Tay_THETORTUREDP.jpg,Red Hot Chili Peppers,Stadium Arcadium,images/14_Red_StadiumArcad.jpg,False,0.208,0.317,0.262
Taylor Swift,Speak Now,images/08_Tay_SpeakNow.jpg,Red Hot Chili Peppers,The Getaway,images/12_Red_TheGetaway.jpg,False,0.631,-0.109,0.261
Taylor Swift,THE TORTURED POETS DEPARTMENT: THE ANTHOLOGY,images/01_Tay_THETORTUREDP.jpg,Red Hot Chili Peppers,Californication,images/16_Red_Californicat.jpg,False,0.722,-0.201,0.26
Taylor Swift,Red,images/04_Tay_Red.jpg,Red Hot Chili Peppers,The Getaway,images/12_Red_TheGetaway.jpg,False,0.499,0.019,0.259
Red Hot Chili Peppers,I'm with You,images/10_Red_ImwithYou.jpg,Red Hot Chili Peppers,Unlimited Love,images/15_Red_UnlimitedLov.jpg,True,0.432,0.085,0.258
Taylor Swift,THE TORTURED POETS DEPARTMENT: THE ANTHOLOGY,images/01_Tay_THETORTUREDP.jpg,Red Hot Chili Peppers,Blood Sugar Sex Magik,images/13_Red_BloodSugarSe.jpg,False,0.524,-0.009,0.258
Taylor Swift,Red,images/04_Tay_Red.jpg,Red Hot Chili Peppers,Return of the Dream Canteen,images/18_Red_ReturnoftheD.jpg,False,0.428,0.076,0.252
Taylor Swift,Red,images/04_Tay_Red.jpg,Taylor Swift,Speak Now,images/08_Tay_SpeakNow.jpg,True,0.676,-0.187,0.245
Red Hot Chili Peppers,Return of the Dream Canteen,images/18_Red_ReturnoftheD.jpg,Red Hot Chili Peppers,Rock & Roll Hall of Fame Covers - EP,images/19_Red_RockRollHall.jpg,True,0.567,-0.082,0.242
Taylor Swift,evermore,images/05_Tay_evermore.jpg,Red Hot Chili Peppers,The Getaway,images/12_Red_TheGetaway.jpg,False,0.676,-0.192,0.242
Taylor Swift,Midnights,images/03_Tay_Midnights.jpg,Red Hot Chili Peppers,Californication,images/16_Red_Californicat.jpg,False,0.671,-0.191,0.24
Taylor Swift,reputation,images/09_Tay_reputation.jpg,Red Hot Chili Peppers,Blood Sugar Sex Magik,images/13_Red_BloodSugarSe.jpg,False,0.518,-0.038,0.24
Taylor Swift,Fearless,images/06_Tay_Fearless.jpg,Taylor Swift,The Life of a Showgirl + “A Look Behind the Curtain”,images/07_Tay_TheLifeofaSh.jpg,True,0.546,-0.068,0.239
Taylor Swift,The Life of a Showgirl + “A Look Behind the Curtain”,images/07_Tay_TheLifeofaSh.jpg,Red Hot Chili Peppers,Return of the Dream Canteen,images/18_Red_ReturnoftheD.jpg,False,0.482,-0.005,0.239
Red Hot Chili Peppers,Stadium Arcadium,images/14_Red_StadiumArcad.jpg,Red Hot Chili Peppers,Californication,images/16_Red_Californicat.jpg,True,0.454,0.023,0.238
Red Hot Chili Peppers,Blood Sugar Sex Magik,images/13_Red_BloodSugarSe.jpg,Red Hot Chili Peppers,Rock & Roll Hall of Fame Covers - EP,images/19_Red_RockRollHall.jpg,True,0.546,-0.076,0.235
Taylor Swift,Speak Now,images/08_Tay_SpeakNow.jpg,Red Hot Chili Peppers,Californication,images/16_Red_Californicat.jpg,False,0.614,-0.146,0.234
Taylor Swift,evermore,images/05_Tay_evermore.jpg,Taylor Swift,Speak Now,images/08_Tay_SpeakNow.jpg,True,0.75,-0.293,0.228
Red Hot Chili Peppers,Stadium Arcadium,images/14_Red_StadiumArcad.jpg,Red Hot Chili Peppers,Rock & Roll Hall of Fame Covers - EP,images/19_Red_RockRollHall.jpg,True,0.304,0.145,0.224
Taylor Swift,Fearless,images/06_Tay_Fearless.jpg,Red Hot Chili Peppers,Stadium Arcadium,images/14_Red_StadiumArcad.jpg,False,0.299,0.143,0.221
Red Hot Chili Peppers,The Getaway,images/12_Red_TheGetaway.jpg,Red Hot Chili Peppers,Rock & Roll Hall of Fame Covers - EP,images/19_Red_RockRollHall.jpg,True,0.519,-0.076,0.221
Taylor Swift,evermore,images/05_Tay_evermore.jpg,Red Hot Chili Peppers,Californication,images/16_Red_Californicat.jpg,False,0.798,-0.365,0.216
Taylor Swift,The Life of a Showgirl + “A Look Behind the Curtain”,images/07_Tay_TheLifeofaSh.jpg,Red Hot Chili Peppers,Stadium Arcadium,images/14_Red_StadiumArcad.jpg,False,0.237,0.192,0.214
Taylor Swift,Red,images/04_Tay_Red.jpg,Red Hot Chili Peppers,Blood Sugar Sex Magik,images/13_Red_BloodSugarSe.jpg,False,0.504,-0.081,0.211
Taylor Swift,folklore,images/02_Tay_folklore.jpg,Red Hot Chili Peppers,Californication,images/16_Red_Californicat.jpg,False,0.728,-0.311,0.209
Red Hot Chili Peppers,Californication,images/16_Red_Californicat.jpg,Red Hot Chili Peppers,By the Way,images/17_Red_BytheWay.jpg,True,0.543,-0.125,0.209
Red Hot Chili Peppers,I'm with You,images/10_Red_ImwithYou.jpg,Red Hot Chili Peppers,Rock & Roll Hall of Fame Covers - EP,images/19_Red_RockRollHall.jpg,True,0.406,-0.005,0.201
Taylor Swift,Red,images/04_Tay_Red.jpg,Red Hot Chili Peppers,Stadium Arcadium,images/14_Red_StadiumArcad.jpg,False,0.245,0.149,0.197
Taylor Swift,Midnights,images/03_Tay_Midnights.jpg,Taylor Swift,Fearless,images/06_Tay_Fearless.jpg,True,0.877,-0.502,0.187
Taylor Swift,Fearless,images/06_Tay_Fearless.jpg,Red Hot Chili Peppers,I'm with You,images/10_Red_ImwithYou.jpg,False,0.842,-0.47,0.186
Red Hot Chili Peppers,Greatest Hits,images/11_Red_GreatestHits.jpg,Red Hot Chili Peppers,Blood Sugar Sex Magik,images/13_Red_BloodSugarSe.jpg,True,0.535,-0.176,0.18
Taylor Swift,folklore,images/02_Tay_folklore.jpg,Red Hot Chili Peppers,By the Way,images/17_Red_BytheWay.jpg,False,0.084,0.273,0.178
Taylor Swift,Midnights,images/03_Tay_Midnights.jpg,Red Hot Chili Peppers,By the Way,images/17_Red_BytheWay.jpg,False,0.322,0.032,0.177
Taylor Swift,Lover,images/00_Tay_Lover.jpg,Red Hot Chili Peppers,Unlimited Love,images/15_Red_UnlimitedLov.jpg,False,0.437,-0.089,0.174
Taylor Swift,Speak Now,images/08_Tay_SpeakNow.jpg,Taylor Swift,reputation,images/09_Tay_reputation.jpg,True,0.655,-0.307,0.174
Taylor Swift,Lover,images/00_Tay_Lover.jpg,Taylor Swift,The Life of a Showgirl + “A Look Behind the Curtain”,images/07_Tay_TheLifeofaSh.jpg,True,0.475,-0.129,0.173
Taylor Swift,Lover,images/00_Tay_Lover.jpg,Red Hot Chili Peppers,Stadium Arcadium,images/14_Red_StadiumArcad.jpg,False,0.522,-0.194,0.164
Taylor Swift,The Life of a Showgirl + “A Look Behind the Curtain”,images/07_Tay_TheLifeofaSh.jpg,Red Hot Chili Peppers,The Getaway,images/12_Red_TheGetaway.jpg,False,0.523,-0.201,0.161
Red Hot Chili Peppers,Greatest Hits,images/11_Red_GreatestHits.jpg,Red Hot Chili Peppers,Stadium Arcadium,images/14_Red_StadiumArcad.jpg,True,0.441,-0.12,0.161
Taylor Swift,THE TORTURED POETS DEPARTMENT: THE ANTHOLOGY,images/01_Tay_THETORTUREDP.jpg,Red Hot Chili Peppers,The Getaway,images/12_Red_TheGetaway.jpg,False,0.506,-0.186,0.16
Red Hot Chili Peppers,I'm with You,images/10_Red_ImwithYou.jpg,Red Hot Chili Peppers,Blood Sugar Sex Magik,images/13_Red_BloodSugarSe.jpg,True,0.336,-0.039,0.149
Taylor Swift,Midnights,images/03_Tay_Midnights.jpg,Red Hot Chili Peppers,The Getaway,images/12_Red_TheGetaway.jpg,False,0.595,-0.297,0.149
Red Hot Chili Peppers,Greatest Hits,images/11_Red_GreatestHits.jpg,Red Hot Chili Peppers,Californication,images/16_Red_Californicat.jpg,True,0.48,-0.193,0.144
Taylor Swift,Fearless,images/06_Tay_Fearless.jpg,Red Hot Chili Peppers,Greatest Hits,images/11_Red_GreatestHits.jpg,False,0.914,-0.63,0.142
Red Hot Chili Peppers,I'm with You,images/10_Red_ImwithYou.jpg,Red Hot Chili Peppers,Californication,images/16_Red_Californicat.jpg,True,0.311,-0.03,0.141
Taylor Swift,folklore,images/02_Tay_folklore.jpg,Red Hot Chili Peppers,Stadium Arcadium,images/14_Red_StadiumArcad.jpg,False,0.195,0.071,0.133
Red Hot Chili Peppers,I'm with You,images/10_Red_ImwithYou.jpg,Red Hot Chili Peppers,The Getaway,images/12_Red_TheGetaway.jpg,True,0.178,0.084,0.131
Red Hot Chili Peppers,Greatest Hits,images/11_Red_GreatestHits.jpg,Red Hot Chili Peppers,The Getaway,images/12_Red_TheGetaway.jpg,True,0.405,-0.154,0.126
Taylor Swift,folklore,images/02_Tay_folklore.jpg,Red Hot Chili Peppers,Return of the Dream Canteen,images/18_Red_ReturnoftheD.jpg,False,0.422,-0.187,0.118
Red Hot Chili Peppers,Unlimited Love,images/15_Red_UnlimitedLov.jpg,Red Hot Chili Peppers,By the Way,images/17_Red_BytheWay.jpg,True,0.126,0.102,0.114
Taylor Swift,evermore,images/05_Tay_evermore.jpg,Red Hot Chili Peppers,Return of the Dream Canteen,images/18_Red_ReturnoftheD.jpg,False,0.604,-0.382,0.111
Taylor Swift,THE TORTURED POETS DEPARTMENT: THE ANTHOLOGY,images/01_Tay_THETORTUREDP.jpg,Red Hot Chili Peppers,Greatest Hits,images/11_Red_GreatestHits.jpg,False,0.337,-0.132,0.102
Taylor Swift,Lover,images/00_Tay_Lover.jpg,Taylor Swift,folklore,images/02_Tay_folklore.jpg,True,0.387,-0.187,0.1
Taylor Swift,THE TORTURED POETS DEPARTMENT: THE ANTHOLOGY,images/01_Tay_THETORTUREDP.jpg,Taylor Swift,Midnights,images/03_Tay_Midnights.jpg,True,0.584,-0.385,0.099
Taylor Swift,Midnights,images/03_Tay_Midnights.jpg,Red Hot Chili Peppers,Return of the Dream Canteen,images/18_Red_ReturnoftheD.jpg,False,0.591,-0.399,0.096
Taylor Swift,Lover,images/00_Tay_Lover.jpg,Taylor Swift,Speak Now,images/08_Tay_SpeakNow.jpg,True,0.734,-0.547,0.093
Taylor Swift,The Life of a Showgirl + “A Look Behind the Curtain”,images/07_Tay_TheLifeofaSh.jpg,Red Hot Chili Peppers,Greatest Hits,images/11_Red_GreatestHits.jpg,False,0.314,-0.13,0.092
Taylor Swift,Lover,images/00_Tay_Lover.jpg,Taylor Swift,Fearless,images/06_Tay_Fearless.jpg,True,0.325,-0.141,0.092
Taylor Swift,Midnights,images/03_Tay_Midnights.jpg,Taylor Swift,Speak Now,images/08_Tay_SpeakNow.jpg,True,0.639,-0.458,0.09
Taylor Swift,reputation,images/09_Tay_reputation.jpg,Red Hot Chili Peppers,Return of the Dream Canteen,images/18_Red_ReturnoftheD.jpg,False,0.421,-0.246,0.088
Red Hot Chili Peppers,The Getaway,images/12_Red_TheGetaway.jpg,Red Hot Chili Peppers,Unlimited Love,images/15_Red_UnlimitedLov.jpg,True,0.513,-0.358,0.078
Taylor Swift,Red,images/04_Tay_Red.jpg,Red Hot Chili Peppers,I'm with You,images/10_Red_ImwithYou.jpg,False,0.214,-0.06,0.077
Red Hot Chili Peppers,I'm with You,images/10_Red_ImwithYou.jpg,Red Hot Chili Peppers,Stadium Arcadium,images/14_Red_StadiumArcad.jpg,True,0.254,-0.104,0.075
Taylor Swift,folklore,images/02_Tay_folklore.jpg,Red Hot Chili Peppers,The Getaway,images/12_Red_TheGetaway.jpg,False,0.5,-0.349,0.075
Taylor Swift,Fearless,images/06_Tay_Fearless.jpg,Taylor Swift,reputation,images/09_Tay_reputation.jpg,True,0.506,-0.361,0.073
Taylor Swift,Red,images/04_Tay_Red.jpg,Red Hot Chili Peppers,Greatest Hits,images/11_Red_GreatestHits.jpg,False,0.422,-0.303,0.059
Red Hot Chili Peppers,By the Way,images/17_Red_BytheWay.jpg,Red Hot Chili Peppers,Rock & Roll Hall of Fame Covers - EP,images/19_Red_RockRollHall.jpg,True,0.246,-0.133,0.056
Taylor Swift,Speak Now,images/08_Tay_SpeakNow.jpg,Red Hot Chili Peppers,By the Way,images/17_Red_BytheWay.jpg,False,0.24,-0.136,0.052
Red Hot Chili Peppers,Greatest Hits,images/11_Red_GreatestHits.jpg,Red Hot Chili Peppers,Return of the Dream Canteen,images/18_Red_ReturnoftheD.jpg,True,0.388,-0.285,0.052
Taylor Swift,folklore,images/02_Tay_folklore.jpg,Red Hot Chili Peppers,I'm with You,images/10_Red_ImwithYou.jpg,False,0.078,0.025,0.051
Taylor Swift,evermore,images/05_Tay_evermore.jpg,Red Hot Chili Peppers,Stadium Arcadium,images/14_Red_StadiumArcad.jpg,False,0.439,-0.35,0.044
Taylor Swift,reputation,images/09_Tay_reputation.jpg,Red Hot Chili Peppers,I'm with You,images/10_Red_ImwithYou.jpg,False,0.082,-0.015,0.033
Taylor Swift,The Life of a Showgirl + “A Look Behind the Curtain”,images/07_Tay_TheLifeofaSh.jpg,Red Hot Chili Peppers,I'm with You,images/10_Red_ImwithYou.jpg,False,0.111,-0.057,0.027
Taylor Swift,evermore,images/05_Tay_evermore.jpg,Taylor Swift,Fearless,images/06_Tay_Fearless.jpg,True,0.753,-0.7,0.026
Taylor Swift,Speak Now,images/08_Tay_SpeakNow.jpg,Red Hot Chili Peppers,Greatest Hits,images/11_Red_GreatestHits.jpg,False,0.265,-0.214,0.026
Taylor Swift,THE TORTURED POETS DEPARTMENT: THE ANTHOLOGY,images/01_Tay_THETORTUREDP.jpg,Red Hot Chili Peppers,By the Way,images/17_Red_BytheWay.jpg,False,0.076,-0.045,0.016
Taylor Swift,reputation,images/09_Tay_reputation.jpg,Red Hot Chili Peppers,The Getaway,images/12_Red_TheGetaway.jpg,False,0.496,-0.464,0.016
Taylor Swift,Midnights,images/03_Tay_Midnights.jpg,Red Hot Chili Peppers,Stadium Arcadium,images/14_Red_StadiumArcad.jpg,False,0.49,-0.566,-0.038
Taylor Swift,The Life of a Showgirl + “A Look Behind the Curtain”,images/07_Tay_TheLifeofaSh.jpg,Red Hot Chili Peppers,By the Way,images/17_Red_BytheWay.jpg,False,0.076,-0.169,-0.046
Taylor Swift,folklore,images/02_Tay_folklore.jpg,Taylor Swift,Fearless,images/06_Tay_Fearless.jpg,True,0.507,-0.61,-0.051
Taylor Swift,Red,images/04_Tay_Red.jpg,Red Hot Chili Peppers,By the Way,images/17_Red_BytheWay.jpg,False,0.071,-0.172,-0.051
Taylor Swift,reputation,images/09_Tay_reputation.jpg,Red Hot Chili Peppers,By the Way,images/17_Red_BytheWay.jpg,False,0.086,-0.196,-0.055
Taylor Swift,reputation,images/09_Tay_reputation.jpg,Red Hot Chili Peppers,Stadium Arcadium,images/14_Red_StadiumArcad.jpg,False,0.193,-0.338,-0.073
Red Hot Chili Peppers,I'm with You,images/10_Red_ImwithYou.jpg,Red Hot Chili Peppers,Return of the Dream Canteen,images/18_Red_ReturnoftheD.jpg,True,0.172,-0.324,-0.076
Taylor Swift,Speak Now,images/08_Tay_SpeakNow.jpg,Red Hot Chili Peppers,I'm with You,images/10_Red_ImwithYou.jpg,False,0.098,-0.319,-0.11
Taylor Swift,Lover,images/00_Tay_Lover.jpg,Taylor Swift,THE TORTURED POETS DEPARTMENT: THE ANTHOLOGY,images/01_Tay_THETORTUREDP.jpg,True,0.376,-0.612,-0.118
Taylor Swift,Fearless,images/06_Tay_Fearless.jpg,Red Hot Chili Peppers,By the Way,images/17_Red_BytheWay.jpg,False,0.098,-0.349,-0.126
Taylor Swift,THE TORTURED POETS DEPARTMENT: THE ANTHOLOGY,images/01_Tay_THETORTUREDP.jpg,Red Hot Chili Peppers,I'm with You,images/10_Red_ImwithYou.jpg,False,0.128,-0.381,-0.127
